<?xml version="1.0" encoding="UTF-8"?>

<mule xmlns:java="http://www.mulesoft.org/schema/mule/java" xmlns:ee="http://www.mulesoft.org/schema/mule/ee/core"
	xmlns:http="http://www.mulesoft.org/schema/mule/http"
	xmlns="http://www.mulesoft.org/schema/mule/core" xmlns:doc="http://www.mulesoft.org/schema/mule/documentation" xmlns:xsi="http://www.w3.org/2001/XMLSchema-instance" xsi:schemaLocation="http://www.mulesoft.org/schema/mule/core http://www.mulesoft.org/schema/mule/core/current/mule.xsd
http://www.mulesoft.org/schema/mule/http http://www.mulesoft.org/schema/mule/http/current/mule-http.xsd
http://www.mulesoft.org/schema/mule/ee/core http://www.mulesoft.org/schema/mule/ee/core/current/mule-ee.xsd
http://www.mulesoft.org/schema/mule/java http://www.mulesoft.org/schema/mule/java/current/mule-java.xsd">
	<http:listener-config name="HTTP_Listener_config1" doc:name="HTTP Listener config" doc:id="ff819252-b33a-4562-9646-f5e95cc7f4cd" >
		<http:listener-connection host="0.0.0.0" port="8082" />
	</http:listener-config>
	<flow name="miniassignjavamulesoft-EmailValidationFlow" doc:id="888aa2ce-5bbf-4598-80ca-899e052dedd2" >
		<http:listener doc:name="Listener" doc:id="13dbdd7a-2d1b-44e4-b694-cf5ddfc0ab30" config-ref="HTTP_Listener_config1" path="/validate/email"/>
		<set-payload value='#[%dw 2.0&#10;output application/json&#10;---&#10;{&#10;  "email": payload.email as String&#10;}]' doc:name="Set Payload" doc:id="b3334805-6025-443a-b617-5fac978ce8a8" />
		<java:invoke-static doc:name="Invoke static" doc:id="c729a6cc-5aa1-4539-a887-9883c006822a" class="DataValidator" method="isValidEmail(java.lang.String)">
			<java:args ><![CDATA[#[payload]]]></java:args>
		</java:invoke-static>
		<choice doc:name="Choice" doc:id="e5db6caf-76ea-4269-bca9-1f274fa4ea70" >
			<when expression="#[payload == true]">
            <!-- Email is valid -->
            <set-payload value="#[%dw 2.0&#10;output application/json&#10;---&#10;{'message': 'Email is valid'}]" doc:name="Set Payload" />
        	</when>
        	<otherwise>
            <!-- Email is not valid -->
            <set-payload value="#[%dw 2.0&#10;output application/json&#10;---&#10;{'message': 'Email is not valid'}]" doc:name="Set Payload" />
        	</otherwise>
		</choice>
	</flow>
	<flow name="miniassignjavamulesoft-PhoneNumbervalidationFlow" doc:id="281d801c-8857-4ccd-834b-d45e55ecd89d" >
		<http:listener doc:name="Listener" doc:id="129b4628-e5d3-4ddb-afbc-6a1901a813ad" config-ref="HTTP_Listener_config1" path="/validate/phonenumber" />
		<set-payload value='#[%dw 2.0&#10;output application/json&#10;---&#10;{&#10;  "phoneNumber": payload.phoneNumber as String&#10;}]' doc:name="Set Payload" doc:id="10b06e58-394f-4b19-a3b9-3812ea90b198" />
		<java:invoke-static method="isValidPhoneNumber(java.lang.String)" doc:name="Invoke static" doc:id="be8fe6ed-fc95-4d07-b4c9-e90565a4a5a4" class="DataValidator" >
			<java:args ><![CDATA[#[payload]]]></java:args>
		</java:invoke-static>
		<choice doc:name="Choice" doc:id="6c4e9a7f-3e9c-48f2-be89-7bbfdfb90e7c" >
			<when expression="#[payload == true]" >
				<set-payload value="#[%dw 2.0&#10;output application/json&#10;---&#10;{'message': 'Phone Number is valid'}]" doc:name="Set Payload" doc:id="23a045a8-12c7-466f-a3ed-5918f4c9c055" />
			</when>
			<otherwise >
				<set-payload value="#[%dw 2.0&#10;output application/json&#10;---&#10;{'message': 'Phone Number is not valid'}]" doc:name="Set Payload" doc:id="f1219021-d939-482a-8946-64aeb51371c4" />
			</otherwise>
		</choice>
	</flow>
	<flow name="miniassignjavamulesoft-CreditCardValidationFlow" doc:id="30bc0a57-71e5-4ac4-997e-063ac9a2f438" >
		<http:listener doc:name="Listener" doc:id="1c56d1aa-0cb7-4ef3-9dd2-0697765e1d4f" config-ref="HTTP_Listener_config1" path="/validate/creditcardnumber" />
		<set-payload value='#[%dw 2.0&#10;output application/json&#10;---&#10;{&#10;  "creditCardNumber": payload.creditCardNumber as String&#10;}]' doc:name="Set Payload" doc:id="6cb8c6e0-2a6e-465f-b49b-47f50f3cf4ee" />
		<java:invoke-static method="isValidCreditCard(java.lang.String)" doc:name="Invoke static" doc:id="8057db6d-99ad-418b-af55-e7d5adf7c963" class="DataValidator" >
			<java:args ><![CDATA[#[payload]]]></java:args>
		</java:invoke-static>
		<choice doc:name="Choice" doc:id="65dd6d82-2342-4543-b256-2c1dae339aa5" >
			<when expression="#[payload == true]" >
				<set-payload value="#[%dw 2.0&#10;output application/json&#10;---&#10;{'message': 'Credit Card Number is valid'}]" doc:name="Set Payload" doc:id="bcffbf2b-9254-4f18-86db-a05541eb9c38" />
			</when>
			<otherwise >
				<set-payload value="#[%dw 2.0&#10;output application/json&#10;---&#10;{'message': 'Credit Card Number is not valid'}]" doc:name="Set Payload" doc:id="bfc235c8-d9f0-436d-af4f-c32da9bfe2c0" />
			</otherwise>
		</choice>
	</flow>
</mule>
