<?xml version="1.0" encoding="UTF-8"?>

<mule xmlns:ee="http://www.mulesoft.org/schema/mule/ee/core" xmlns:java="http://www.mulesoft.org/schema/mule/java"
	xmlns:http="http://www.mulesoft.org/schema/mule/http"
	xmlns="http://www.mulesoft.org/schema/mule/core" xmlns:doc="http://www.mulesoft.org/schema/mule/documentation" xmlns:xsi="http://www.w3.org/2001/XMLSchema-instance" xsi:schemaLocation="http://www.mulesoft.org/schema/mule/core http://www.mulesoft.org/schema/mule/core/current/mule.xsd
http://www.mulesoft.org/schema/mule/http http://www.mulesoft.org/schema/mule/http/current/mule-http.xsd
http://www.mulesoft.org/schema/mule/java http://www.mulesoft.org/schema/mule/java/current/mule-java.xsd
http://www.mulesoft.org/schema/mule/ee/core http://www.mulesoft.org/schema/mule/ee/core/current/mule-ee.xsd">
	<http:listener-config name="HTTP_Listener_config" doc:name="HTTP Listener config" doc:id="30e35749-b71c-416e-a1de-143e6f9ce5a8">
		<http:listener-connection host="0.0.0.0" port="8081" />
	</http:listener-config>
	<flow name="miniassign-javamulesoftUpperCase" doc:id="4783a4a5-e96d-481f-9a13-228a16e09e8f" >
		<http:listener doc:name="Listener" doc:id="6edba5eb-9f48-4978-bc36-e31394751468" config-ref="HTTP_Listener_config1" path="/manipulate/upper"/>
		<logger level="INFO" doc:name="Uppercase starts" doc:id="232342b6-f2b4-44a8-81d6-64931116f5b5" message="uppercase start"/>
		<set-payload value='#[%dw 2.0&#10;output application/json&#10;---&#10;{&#10;  "inp": payload.inp as String&#10;}]' doc:name="Set Payload" doc:id="cc58afc4-0898-410c-8ca0-ad14e9be9b55" />
		<java:invoke-static doc:name="Invoke static" doc:id="484c0483-a9f9-4db3-8d39-cf7c8edc0d75" class="stringmanipulation.StringManipulation" method="toUpperCase(java.lang.String)">
			<java:args ><![CDATA[#[payload]]]></java:args>
		</java:invoke-static>
		<set-payload doc:name="Set Payload" doc:id="c583a97b-981d-4134-9ec7-7ad2455610d3" value="#[payload]"/>
		<logger level="INFO" doc:name="Uppercase end" doc:id="613a2e39-7947-4681-add5-cc8637dcbbd5" message="Uppercase end"/>
	</flow>
	<flow name="miniassign-javamulesoftLowerCase" doc:id="4b26bfbb-11cb-4a2e-8680-cd9af23ed1aa" >
		<http:listener doc:name="Listener" doc:id="1ffdb199-6dc5-454a-98f8-03ae645551e5" config-ref="HTTP_Listener_config1" path="/manipulate/lower" />
		<logger level="INFO" doc:name="Lowercase starts" doc:id="af984e85-205a-479e-a63a-54999ebec10d" message="Lowercase starts"/>
		<set-payload value='#[%dw 2.0&#10;output application/json&#10;---&#10;{&#10;  "inp": payload.inp as String&#10;}]' doc:name="Set Payload" doc:id="1b753950-3985-49f7-8e2d-411d6a1fe9af" />
		<java:invoke-static method="toLowerCase(java.lang.String)" doc:name="Invoke static" doc:id="08a1678d-3949-493e-aa89-8ea177671a71" class="stringmanipulation.StringManipulation" >
			<java:args ><![CDATA[#[payload]]]></java:args>
		</java:invoke-static>
		<set-payload value="#[payload]" doc:name="Set Payload" doc:id="1b4b34f3-d100-4749-a14c-a3239405cd99" />
		<logger level="INFO" doc:name="Lowercase ends" doc:id="6464b5de-bc94-44e6-8dde-e18ea991d5da" message="Lowercase ends"/>
	</flow>
	<flow name="miniassign-javamulesoftReverseString" doc:id="d895b8d3-ec66-4bb8-b1fc-ec7146b52b52" >
		<http:listener doc:name="Listener" doc:id="22e96961-648f-486d-b080-d54c58e0f717" config-ref="HTTP_Listener_config1" path="/manipulate/reverse" />
		<logger level="INFO" doc:name="Reverse string starts" doc:id="660e8f33-9ff4-428c-9f61-d48f294ebb78" message="Reverse string starts"/>
		<set-payload value='#[%dw 2.0&#10;output application/json&#10;---&#10;{&#10;  "inp": payload.inp as String&#10;}]' doc:name="Set Payload" doc:id="3904eb19-1cc7-428a-84a8-865dec72c2f4" />
		<java:invoke-static method="reverseString(java.lang.String)" doc:name="Invoke static" doc:id="c200292e-ff43-4571-a6e4-6a804d0354a7" class="stringmanipulation.StringManipulation" >
			<java:args ><![CDATA[#[payload]]]></java:args>
		</java:invoke-static>
		<set-payload value="#[payload]" doc:name="Set Payload" doc:id="1950526e-3956-48cd-ac1f-f6bc0b6b7794" />
		<logger level="INFO" doc:name="Reverse string ends" doc:id="8ac10ba6-dd97-4e46-93af-74243852fe0d" message="Reverse string ends"/>
	</flow>
	<flow name="miniassign-javamulesoftUpperCaseFlow" doc:id="82376665-28b5-4baf-a9a6-d45bf5bb0e28" >
		<http:listener doc:name="Listener" doc:id="f247e0d0-857b-4a50-878e-4dc3408ec156" config-ref="HTTP_Listener_config1" path="/upper"/>
		<logger level="INFO" doc:name="upperCase starts" doc:id="fe51fbf2-49ca-40d8-b1c5-00e9269efc62" message="upperCase starts"/>
		<ee:transform doc:name="Transform Message" doc:id="c24c788e-c573-488c-8a4a-512394cd1437" >
			<ee:message >
				<ee:set-payload ><![CDATA[%dw 2.0
output application/json
import java!stringmanipulation::StringManipulation
---
{
	"toUpper": StringManipulation::toUpperCase(payload.inp)
}]]></ee:set-payload>
			</ee:message>
		</ee:transform>
		<logger level="INFO" doc:name="upperCase ends" doc:id="93f8a38e-42a3-4778-8d2d-aa5cfb66c0c3" message="upperCase ends"/>
	</flow>
	<flow name="miniassign-javamulesoftLowerCaseFlow" doc:id="720dc217-aca2-4c40-83a6-ce909e06fcd9" >
		<http:listener doc:name="Listener" doc:id="ea0e35d0-c7d5-4571-b082-a261ba7e2b56" config-ref="HTTP_Listener_config1" path="/lower" />
		<logger level="INFO" doc:name="lowerCase starts" doc:id="687db20c-b094-4162-821e-f8a773b902d4" message="lowerCase starts" />
		<ee:transform doc:name="Transform Message" doc:id="a1e628e8-cf62-477f-acd6-f4851ef9a726" >
			<ee:message >
				<ee:set-payload ><![CDATA[%dw 2.0
output application/json
import java!stringmanipulation::StringManipulation
---
{
	"toLower": StringManipulation::toLowerCase(payload.inp)
}]]></ee:set-payload>
			</ee:message>
		</ee:transform>
		<logger level="INFO" doc:name="lowerCase ends" doc:id="96bcac7b-1c7b-41b5-aee6-4bb302757e0f" message="lowerCase ends" />
	</flow>
	<flow name="miniassign-javamulesoftReverseStringFlow" doc:id="d5f9d911-5d3d-49df-8d78-9a3a80f38707" >
		<http:listener doc:name="Listener" doc:id="f0fb0231-e9cc-40cb-8ef6-0f0a5cfaa554" config-ref="HTTP_Listener_config1" path="/reverse" />
		<logger level="INFO" doc:name="reverseString starts" doc:id="7e3cde79-721a-476e-886d-49d7252ef907" message="reverseString starts" />
		<ee:transform doc:name="Transform Message" doc:id="c1aa6e6a-ae4e-452b-8c8f-bd674a879bf1" >
			<ee:message >
				<ee:set-payload ><![CDATA[%dw 2.0
output application/json
import java!stringmanipulation::StringManipulation
---
{
	"reverseString": StringManipulation::reverseString(payload.inp)
}]]></ee:set-payload>
			</ee:message>
		</ee:transform>
		<logger level="INFO" doc:name="reverseString ends" doc:id="12e09490-b563-449b-8f1a-0cf5f9a23dc0" message="reverseString ends" />
	</flow>
</mule>
